{"cameraMode":{"drawMode":0,"name":"Shaded","section":"Shading Mode"},"sceneLighting":true,"audioPlay":false,"sceneViewState":{"m_AlwaysRefresh":false,"showFog":true,"showSkybox":true,"showFlares":true,"showImageEffects":true,"showParticleSystems":true,"showVisualEffectGraphs":true,"m_FxEnabled":true},"in2DMode":false,"pivot":{"x":0.32587361335754397,"y":1.940464735031128,"z":-0.0911557674407959},"rotation":{"x":0.36694294214248659,"y":-0.027901148423552514,"z":0.01101155485957861,"w":0.9297600388526917},"size":4.698362350463867,"orthographic":true}